"first_name","last_name","user_id"
"firstName1","lastName1","1"
"firstName2","lastName2","2"
"firstName3","lastName3","3"
"firstName4","lastName4","4"
"firstName5","lastName5","5"
"firstName6","lastName6","6"
"firstName7","lastName7","7"
"firstName8","lastName8","8"
"firstName9","lastName9","9"
"firstName10","lastName10","10"
"firstName11","lastName11","11"
"firstName12","lastName12","12"
"firstName13","lastName13","13"
"firstName14","lastName14","14"
"firstName15","lastName15","15"
"firstName16","lastName16","16"
"firstName17","lastName17","17"
"firstName18","lastName18","18"
"firstName19","lastName19","19"
"firstName20","lastName20","20"
